ano,gpus,ocupacao,preco_gpu_h_brl,receita_gpu_m,receita_servicos_m,receita_total_m,energia_m,fixos_m,manutencao_m,variaveis_m,ebitda_m,depreciacao_proxy_m,irpj_csll_proxy_m,delta_giro_m,refresh_m,expansao_m,fcf_m
1,256,0.2,18.0,8.0732,2.7692,10.8424,4.2889,12.0,4.0,0.8674,-10.3138,20.2667,0.0,0.0,0.0,0.0,-10.3138
2,256,0.3,16.56,11.141,4.2785,15.4195,5.0645,12.48,4.16,1.2336,-7.5185,20.2667,0.0,0.0,0.0,0.0,-7.5185
3,256,0.4,15.2352,13.6663,5.8758,19.5421,5.8952,12.9792,4.3264,1.5634,-5.2221,20.2667,0.0,0.0,0.0,0.0,-5.2221
4,256,0.4,14.0164,12.573,6.052,18.6251,6.131,13.4984,4.4995,1.49,-6.9938,20.2667,0.0,0.0,60.0,0.0,-66.9938
5,256,0.45,12.8951,13.0131,7.0128,20.0259,6.716,14.0383,4.6794,1.6021,-7.0099,20.2667,0.0,0.0,0.0,0.0,-7.0099
6,256,0.5,11.8635,13.3023,8.0257,21.328,7.3379,14.5998,4.8666,1.7062,-7.1826,20.2667,0.0,0.0,0.0,0.0,-7.1826
7,256,0.5,10.9144,12.2381,8.2665,20.5046,7.6315,15.1838,5.0613,1.6404,-9.0123,20.2667,0.0,0.0,0.0,0.0,-9.0123
8,256,0.5,10.0412,11.259,8.5145,19.7736,7.9367,15.7912,5.2637,1.5819,-10.8,20.2667,0.0,0.0,60.0,0.0,-70.8
9,256,0.5,9.2379,10.3583,8.7699,19.1283,8.2542,16.4228,5.4743,1.5303,-12.5533,20.2667,0.0,0.0,0.0,0.0,-12.5533
10,256,0.5,8.4989,9.5297,9.033,18.5627,8.5844,17.0797,5.6932,1.485,-14.2797,20.2667,0.0,0.0,0.0,0.0,-14.2797
