principal_m,taxa_hipotetica,anos_carencia_capitalizada,amortizacao_anos,saldo_inicio_amort_m,primeiro_servico_sac_m,cfads_min_dscr_1_3_m
75,0.08,0,8,75.0,15.375,19.9875
75,0.08,2,8,87.48,17.9334,23.3134
75,0.12,0,8,75.0,18.375,23.8875
75,0.12,2,8,94.08,23.0496,29.9645
75,0.16,0,8,75.0,21.375,27.7875
75,0.16,2,8,100.92,28.7622,37.3909
90,0.08,0,8,90.0,18.45,23.985
90,0.08,2,8,104.976,21.5201,27.9761
90,0.12,0,8,90.0,22.05,28.665
90,0.12,2,8,112.896,27.6595,35.9574
90,0.16,0,8,90.0,25.65,33.345
90,0.16,2,8,121.104,34.5146,44.869
105,0.08,0,8,105.0,21.525,27.9825
105,0.08,2,8,122.472,25.1068,32.6388
105,0.12,0,8,105.0,25.725,33.4425
105,0.12,2,8,131.712,32.2694,41.9503
105,0.16,0,8,105.0,29.925,38.9025
105,0.16,2,8,141.288,40.2671,52.3472
150,0.08,0,8,150.0,30.75,39.975
150,0.08,2,8,174.96,35.8668,46.6268
150,0.12,0,8,150.0,36.75,47.775
150,0.12,2,8,188.16,46.0992,59.929
150,0.16,0,8,150.0,42.75,55.575
150,0.16,2,8,201.84,57.5244,74.7817
180,0.08,0,8,180.0,36.9,47.97
180,0.08,2,8,209.952,43.0402,55.9522
180,0.12,0,8,180.0,44.1,57.33
180,0.12,2,8,225.792,55.319,71.9148
180,0.16,0,8,180.0,51.3,66.69
180,0.16,2,8,242.208,69.0293,89.7381
210,0.08,0,8,210.0,43.05,55.965
210,0.08,2,8,244.944,50.2135,65.2776
210,0.12,0,8,210.0,51.45,66.885
210,0.12,2,8,263.424,64.5389,83.9005
210,0.16,0,8,210.0,59.85,77.805
210,0.16,2,8,282.576,80.5342,104.6944
